{
  "comments": [
    {
      "movieCd": "20233008",
      "writer": "kenneth93",
      "rating": "4.5",
      "good_points": "<em class=\"tag\">배우</em> &nbsp",
      "comment": "역시",
      "created_at": "2025-04-11T05:20:26.716Z",
      "like": 8,
      "id": 1
    },
    {
      "movieCd": "20233008",
      "writer": "kenneth93",
      "rating": "3.5",
      "good_points": "<em class=\"tag\">스토리</em> &nbsp",
      "comment": "굳굳",
      "created_at": "2025-04-11T06:11:24.752Z",
      "like": 0,
      "id": 2
    },
    {
      "movieCd": "20203863",
      "writer": "kenneth93",
      "rating": "5",
      "good_points": "<em class=\"tag\">스토리</em> &nbsp",
      "comment": "좋아요~!!",
      "created_at": "2025-04-11T06:30:40.880Z",
      "like": 5,
      "id": 3
    }
  ],
  "users": [
    {
      "username": "kenneth93",
      "email": "ezenkenneth93@gmail.com",
      "password": "123123",
      "id": 1
    },
    {
      "username": "kenneth93",
      "email": "ezenkenneth93@gmail.com",
      "password": "123",
      "id": 2
    },
    {
      "username": "kenneth93",
      "email": "ezenkenneth93@gmail.com",
      "password": "111",
      "id": 3
    }
  ],
  "bookings": [
    {
      "username": "kenneth93",
      "movie": "로비",
      "theater": "신촌",
      "date": "04월 10일",
      "time": "10:00",
      "seats": "A7",
      "adult": "1",
      "teen": "0",
      "id": 1
    },
    {
      "username": "kenneth93",
      "movie": "로비",
      "theater": "신촌",
      "date": "04월 10일",
      "time": "10:00",
      "seats": "A7",
      "adult": "1",
      "teen": "0",
      "id": 2
    },
    {
      "username": "kenneth93",
      "movie": "로비",
      "theater": "신촌",
      "date": "04월 10일",
      "time": "10:00",
      "seats": "A7",
      "adult": "1",
      "teen": "0",
      "id": 3
    },
    {
      "username": "kenneth93",
      "movie": "아마추어",
      "theater": "성남",
      "date": "04월 10일",
      "time": "12:00",
      "seats": "A8",
      "adult": "1",
      "teen": "0",
      "id": 4
    }
  ]
}