{
  "comments": [
    {
      "movieCd": "20233008",
      "writer": "kenneth93",
      "rating": "4.5",
      "good_points": "<em class=\"tag\">배우</em> &nbsp",
      "comment": "역시",
      "created_at": "2025-04-11T05:20:26.716Z",
      "like": 8,
      "id": 1
    },
    {
      "movieCd": "20233008",
      "writer": "kenneth93",
      "rating": "3.5",
      "good_points": "<em class=\"tag\">스토리</em> &nbsp",
      "comment": "굳굳",
      "created_at": "2025-04-11T06:11:24.752Z",
      "like": 0,
      "id": 2
    }
  ],
  "users": [
    {
      "username": "kenneth93",
      "email": "ezenkenneth93@gmail.com",
      "password": "123123",
      "id": 1
    },
    {
      "username": "kenneth93",
      "email": "ezenkenneth93@gmail.com",
      "password": "123",
      "id": 2
    },
    {
      "username": "kenneth93",
      "email": "ezenkenneth93@gmail.com",
      "password": "111",
      "id": 3
    }
  ],
  "bookings": []
}